eventID,occurrenceID,basisOfRecord,eventDate,kingdom,scientificName,taxonRank,vernacularName,decimalLatitude,decimalLongitude,geodeticDatum,countryCode,individualCount,organismQuantity,organismQuantityType,occurrenceStatus,remarks
UNIPA-2013JK-AU001-01,UNIPA-2013JK-AU001-01-EM001,human observation,APRIL-MEI /2013,Plantae,Intsia bijuga,species,,,,,ID,,,,,
UNIPA-2013JK-AU001-01,UNIPA-2013JK-AU001-01-EM002,human observation,APRIL-MEI /2013,Plantae,Pongamia pinnata,species,,,,,ID,,,,,
UNIPA-2013JK-AU001-01,UNIPA-2013JK-AU001-01-EM003,human observation,APRIL-MEI /2013,Plantae,Adenanthera novoguinensis,species,,,,,ID,,,,,
UNIPA-2013JK-AU001-01,UNIPA-2013JK-AU001-01-EM004,human observation,APRIL-MEI /2013,Plantae,Glochidion sp.,genus,,,,,ID,,,,,
UNIPA-2013JK-AU001-01,UNIPA-2013JK-AU001-01-EM005,human observation,APRIL-MEI /2013,Plantae,Endospermum moluccanum,species,,,,,ID,,,,,
UNIPA-2013JK-AU001-01,UNIPA-2013JK-AU001-01-EM006,human observation,APRIL-MEI /2013,Plantae,Merremia peltata,species,,,,,ID,,,,,
UNIPA-2013JK-AU001-01,UNIPA-2013JK-AU001-01-EM007,human observation,APRIL-MEI /2013,Plantae,Ipomoea pleibeia,species,,,,,ID,,,,,
UNIPA-2013JK-AU001-01,UNIPA-2013JK-AU001-01-EM008,human observation,APRIL-MEI /2013,Plantae,Barringtonia asiatica,species,,,,,ID,,,,,
UNIPA-2013JK-AU001-01,UNIPA-2013JK-AU001-01-EM009,human observation,APRIL-MEI /2013,Plantae,Adenanthera microsperma,species,,,,,ID,,,,,
UNIPA-2013JK-AU001-01,UNIPA-2013JK-AU001-01-EM010,human observation,APRIL-MEI /2013,Plantae,Scaevola sericea,species,,,,,ID,,,,,
UNIPA-2013JK-AU001-01,UNIPA-2013JK-AU001-01-EM011,human observation,APRIL-MEI /2013,Plantae,Wedelia biflora,species,,,,,ID,,,,,
UNIPA-2013JK-AU001-01,UNIPA-2013JK-AU001-01-EM012,human observation,APRIL-MEI /2013,Plantae,Terminalia catappa,species,,,,,ID,,,,,
UNIPA-2013JK-AU001-01,UNIPA-2013JK-AU001-01-EM013,human observation,APRIL-MEI /2013,Plantae,Premna corymbosa,species,,,,,ID,,,,,
UNIPA-2013JK-AU001-01,UNIPA-2013JK-AU001-01-EM014,human observation,APRIL-MEI /2013,Plantae,Morinda citrifolia,species,,,,,ID,,,,,
UNIPA-2013JK-AU001-01,UNIPA-2013JK-AU001-01-EM015,human observation,APRIL-MEI /2013,Plantae,Ficus septica,species,,,,,ID,,,,,
UNIPA-2013JK-AU001-01,UNIPA-2013JK-AU001-01-EM016,human observation,APRIL-MEI /2013,Plantae,Octomeles sumatrana,species,,,,,ID,,,,,
UNIPA-2013JK-AU001-01,UNIPA-2013JK-AU001-01-EM017,human observation,APRIL-MEI /2013,Plantae,Arcangelisia flava,species,,,,,ID,,,,,
UNIPA-2013JK-AU001-01,UNIPA-2013JK-AU001-01-EM018,human observation,APRIL-MEI /2013,Plantae,Tabernaemontama aurantiaca,species,,,,,ID,,,,,
UNIPA-2013JK-AU001-01,UNIPA-2013JK-AU001-01-EM019,human observation,APRIL-MEI /2013,Plantae,Palmeria sp.,genus,,,,,ID,,,,,
UNIPA-2013JK-AU001-01,UNIPA-2013JK-AU001-01-EM020,human observation,APRIL-MEI /2013,Plantae,Piper winchamani,species,,,,,ID,,,,,
UNIPA-2013JK-AU001-01,UNIPA-2013JK-AU001-01-EM021,human observation,APRIL-MEI /2013,Plantae,Rhapidophora sp,genus,,,,,ID,,,,,
UNIPA-2013JK-AU001-01,UNIPA-2013JK-AU001-01-EM022,human observation,APRIL-MEI /2013,Plantae,Mangifera minor,species,,,,,ID,,,,,
UNIPA-2013JK-AU001-01,UNIPA-2013JK-AU001-01-EM023,human observation,APRIL-MEI /2013,Plantae,Cissus discolor,species,,,,,ID,,,,,
UNIPA-2013JK-AU001-01,UNIPA-2013JK-AU001-01-EM024,human observation,APRIL-MEI /2013,Plantae,Ananas camosus,species,,,,,ID,,,,,
UNIPA-2013JK-AU001-01,UNIPA-2013JK-AU001-01-EM025,human observation,APRIL-MEI /2013,Plantae,Dysoxylom molle,species,,,,,ID,,,,,
UNIPA-2017SS-AU002-02,UNIPA-2017SS-AU002-02-EM001,human observation,27 OKTOBER-13 JUNI 2017,Plantae,Avicennia marina,species,,00°.06',134°.03',,ID,,,,,
UNIPA-2017SS-AU002-02,UNIPA-2017SS-AU002-02-EM002,human observation,27 OKTOBER-13 JUNI 2017,Plantae,Pongamia pinnata,species,,00°.06',134°.03',,ID,,,,,
UNIPA-2017SS-AU002-02,UNIPA-2017SS-AU002-02-EM003,human observation,27 OKTOBER-13 JUNI 2017,Plantae,Xylocarpus granatum,species,,00°.06',134°.03',,ID,,,,,
UNIPA-2017SS-AU002-02,UNIPA-2017SS-AU002-02-EM004,human observation,27 OKTOBER-13 JUNI 2017,Plantae,Aegiceras corniculatum,species,,00°.06',134°.03',,ID,,,,,
UNIPA-2017SS-AU002-02,UNIPA-2017SS-AU002-02-EM005,human observation,27 OKTOBER-13 JUNI 2017,Plantae,Aegiceras floridum,species,,00°.06',134°.03',,ID,,,,,
UNIPA-2017SS-AU002-02,UNIPA-2017SS-AU002-02-EM006,human observation,27 OKTOBER-13 JUNI 2017,Plantae,Bruguiera gymnorrhiza,species,,00°.06',134°.03',,ID,,,,,
UNIPA-2017SS-AU002-02,UNIPA-2017SS-AU002-02-EM007,human observation,27 OKTOBER-13 JUNI 2017,Plantae,Bruguiera parviflora,species,,00°.06',134°.03',,ID,,,,,
UNIPA-2017SS-AU002-02,UNIPA-2017SS-AU002-02-EM008,human observation,27 OKTOBER-13 JUNI 2017,Plantae,Bruguiera sexangula,species,,00°.06',134°.03',,ID,,,,,
UNIPA-2017SS-AU002-02,UNIPA-2017SS-AU002-02-EM009,human observation,27 OKTOBER-13 JUNI 2017,Plantae,ceriops tagal,species,,00°.06',134°.03',,ID,,,,,
UNIPA-2017SS-AU002-02,UNIPA-2017SS-AU002-02-EM010,human observation,27 OKTOBER-13 JUNI 2017,Plantae,Rhizophora apiculata,species,,00°.06',134°.03',,ID,,,,,
UNIPA-2017SS-AU002-02,UNIPA-2017SS-AU002-02-EM011,human observation,27 OKTOBER-13 JUNI 2017,Plantae,rhizophora mucronata,species,,00°.06',134°.03',,ID,,,,,
UNIPA-2017SS-AU002-02,UNIPA-2017SS-AU002-02-EM012,human observation,27 OKTOBER-13 JUNI 2017,Plantae,Rhizophora stylosa,species,,00°.06',134°.03',,ID,,,,,
UNIPA-2017SS-AU002-02,UNIPA-2017SS-AU002-02-EM013,human observation,27 OKTOBER-13 JUNI 2017,Plantae,Scyphiphora hydrophyllace,species,,00°.06',134°.03',,ID,,,,,
UNIPA-2017SS-AU002-02,UNIPA-2017SS-AU002-02-EM014,human observation,27 OKTOBER-13 JUNI 2017,Plantae,Sonneratia alba,species,,00°.06',134°.03',,ID,,,,,
UNIPA-2017SS-AU002-02,UNIPA-2017SS-AU002-02-EM015,human observation,27 OKTOBER-13 JUNI 2017,Plantae,Sonneratia caseolaris,species,,00°.06',134°.03',,ID,,,,,
UNIPA-2012MA-AU003-03,UNIPA-2012MA-AU003-03-EM001,human observation,27 MEI-06 JUNI 2012,Plantae,Adenanthera microsperma,species,,"02°51'51,20''","13°427'25,21''",,ID,,,,,
UNIPA-2012MA-AU003-03,UNIPA-2012MA-AU003-03-EM002,human observation,27 MEI-06 JUNI 2012,Plantae,Alpitonia sp.,Genus,,"02°51'51,20''","13°427'25,21''",,ID,,,,,
UNIPA-2012MA-AU003-03,UNIPA-2012MA-AU003-03-EM003,human observation,27 MEI-06 JUNI 2012,Plantae,Baccaurea sp.,Genus,,"02°51'51,20''","13°427'25,21''",,ID,,,,,
UNIPA-2012MA-AU003-03,UNIPA-2012MA-AU003-03-EM004,human observation,27 MEI-06 JUNI 2012,Plantae,Baringtonia sp.,Genus,,"02°51'51,20''","13°427'25,21''",,ID,,,,,
UNIPA-2012MA-AU003-03,UNIPA-2012MA-AU003-03-EM005,human observation,27 MEI-06 JUNI 2012,Plantae,Callophyllum papuanum Lauterb,species,,"02°51'51,20''","13°427'25,21''",,ID,,,,,
UNIPA-2012MA-AU003-03,UNIPA-2012MA-AU003-03-EM006,human observation,27 MEI-06 JUNI 2012,Plantae,Callophyllum savanarum A.C.Sm,species,,"02°51'51,20''","13°427'25,21''",,ID,,,,,
UNIPA-2012MA-AU003-03,UNIPA-2012MA-AU003-03-EM007,human observation,27 MEI-06 JUNI 2012,Plantae,Ficus adeosperma,species,,"02°51'51,20''","13°427'25,21''",,ID,,,,,
UNIPA-2012MA-AU003-03,UNIPA-2012MA-AU003-03-EM008,human observation,27 MEI-06 JUNI 2012,Plantae,Hopea sp.,Genus,,"02°51'51,20''","13°427'25,21''",,ID,,,,,
UNIPA-2012MA-AU003-03,UNIPA-2012MA-AU003-03-EM009,human observation,27 MEI-06 JUNI 2012,Plantae,Intsia bijuga,species,,"02°51'51,20''","13°427'25,21''",,ID,,,,,
UNIPA-2012MA-AU003-03,UNIPA-2012MA-AU003-03-EM010,human observation,27 MEI-06 JUNI 2012,Plantae,Letsia odorofera Vall,species,,"02°51'51,20''","13°427'25,21''",,ID,,,,,
UNIPA-2012MA-AU003-03,UNIPA-2012MA-AU003-03-EM011,human observation,27 MEI-06 JUNI 2012,Plantae,Letsia tuberculata,species,,"02°51'51,20''","13°427'25,21''",,ID,,,,,
UNIPA-2012MA-AU003-03,UNIPA-2012MA-AU003-03-EM012,human observation,27 MEI-06 JUNI 2012,Plantae,Macarangga tanius,species,,"02°51'51,20''","13°427'25,21''",,ID,,,,,
UNIPA-2012MA-AU003-03,UNIPA-2012MA-AU003-03-EM013,human observation,27 MEI-06 JUNI 2012,Plantae,Manilkara sp.,Genus,,"02°51'51,20''","13°427'25,21''",,ID,,,,,
UNIPA-2012MA-AU003-03,UNIPA-2012MA-AU003-03-EM014,human observation,27 MEI-06 JUNI 2012,Plantae,Octomeles sumatrana Miq,species,,"02°51'51,20''","13°427'25,21''",,ID,,,,,
UNIPA-2012MA-AU003-03,UNIPA-2012MA-AU003-03-EM015,human observation,27 MEI-06 JUNI 2012,Plantae,Palaquium amboinensis Burch,species,,"02°51'51,20''","13°427'25,21''",,ID,,,,,
UNIPA-2012MA-AU003-03,UNIPA-2012MA-AU003-03-EM016,human observation,27 MEI-06 JUNI 2012,Plantae,Pometia pinnata,species,,"02°51'51,20''","13°427'25,21''",,ID,,,,,
UNIPA-2012MA-AU003-03,UNIPA-2012MA-AU003-03-EM017,human observation,27 MEI-06 JUNI 2012,Plantae,Pometia sp.,Genus,,"02°51'51,20''","13°427'25,21''",,ID,,,,,
UNIPA-2012MA-AU003-03,UNIPA-2012MA-AU003-03-EM018,human observation,27 MEI-06 JUNI 2012,Plantae,Sterculia parkinsonii,species,,"02°51'51,20''","13°427'25,21''",,ID,,,,,
UNIPA-2012MA-AU003-03,UNIPA-2012MA-AU003-03-EM019,human observation,27 MEI-06 JUNI 2012,Plantae,Terminalia sp.,Genus,,"02°51'51,20''","13°427'25,21''",,ID,,,,,
UNIPA-2012MA-AU003-03,UNIPA-2012MA-AU003-03-EM020,human observation,27 MEI-06 JUNI 2012,Plantae,Toona sp.,Genus,,"02°51'51,20''","13°427'25,21''",,ID,,,,,
UNIPA-2012BK-AU004-04,UNIPA-2012BK-AU004-04-EM001,human observation,16-30 OKTOBER 2011,Plantae,Dehasia sp.,Genus,,,,,ID,,,,,
UNIPA-2012BK-AU004-04,UNIPA-2012BK-AU004-04-EM002,human observation,16-30 OKTOBER 2011,Plantae,Litsea sp.,Genus,,,,,ID,,,,,
UNIPA-2012BK-AU004-04,UNIPA-2012BK-AU004-04-EM003,human observation,16-30 OKTOBER 2011,Plantae,Litsea ladermani,species,,,,,ID,,,,,
UNIPA-2012BK-AU004-04,UNIPA-2012BK-AU004-04-EM004,human observation,16-30 OKTOBER 2011,Plantae,Litsea timoriana,species,,,,,ID,,,,,
UNIPA-2006CM-AU005-05,UNIPA-2006CM-AU005-05-EM001,human observation,19 MEI-20 JUNI 2006,Plantae,Alstonia scholaris,species,,4°-7°,137°-141°,,ID,,,,,
UNIPA-2006CM-AU005-05,UNIPA-2006CM-AU005-05-EM002,human observation,19 MEI-20 JUNI 2006,Plantae,Mangifera indica,species,,4°-7°,137°-141°,,ID,,,,,
UNIPA-2006CM-AU005-05,UNIPA-2006CM-AU005-05-EM003,human observation,19 MEI-20 JUNI 2006,Plantae,Annona muricata,species,,4°-7°,137°-141°,,ID,,,,,
UNIPA-2006CM-AU005-05,UNIPA-2006CM-AU005-05-EM004,human observation,19 MEI-20 JUNI 2006,Plantae,Cocos nucifera,species,,4°-7°,137°-141°,,ID,,,,,
UNIPA-2006CM-AU005-05,UNIPA-2006CM-AU005-05-EM005,human observation,19 MEI-20 JUNI 2006,Plantae,Areca catheca,species,,4°-7°,137°-141°,,ID,,,,,
UNIPA-2006CM-AU005-05,UNIPA-2006CM-AU005-05-EM006,human observation,19 MEI-20 JUNI 2006,Plantae,Terminalia catappa,species,,4°-7°,137°-141°,,ID,,,,,
UNIPA-2006CM-AU005-05,UNIPA-2006CM-AU005-05-EM007,human observation,19 MEI-20 JUNI 2006,Plantae,Kalanchoe pinnata,species,,4°-7°,137°-141°,,ID,,,,,
UNIPA-2006CM-AU005-05,UNIPA-2006CM-AU005-05-EM008,human observation,19 MEI-20 JUNI 2006,Plantae,Carica papaya,species,,4°-7°,137°-141°,,ID,,,,,
UNIPA-2006CM-AU005-05,UNIPA-2006CM-AU005-05-EM009,human observation,19 MEI-20 JUNI 2006,Plantae,Phylantus ninuri,species,,4°-7°,137°-141°,,ID,,,,,
UNIPA-2006CM-AU005-05,UNIPA-2006CM-AU005-05-EM010,human observation,19 MEI-20 JUNI 2006,Plantae,casia alata,species,,4°-7°,137°-141°,,ID,,,,,
UNIPA-2006CM-AU005-05,UNIPA-2006CM-AU005-05-EM011,human observation,19 MEI-20 JUNI 2006,Plantae,Litsea sp,Genus,,4°-7°,137°-141°,,ID,,,,,
UNIPA-2006CM-AU005-05,UNIPA-2006CM-AU005-05-EM012,human observation,19 MEI-20 JUNI 2006,Plantae,Cinnamomun cullilawan,species,,4°-7°,137°-141°,,ID,,,,,
UNIPA-2006CM-AU005-05,UNIPA-2006CM-AU005-05-EM013,human observation,19 MEI-20 JUNI 2006,Plantae,Coleus blumei,species,,4°-7°,137°-141°,,ID,,,,,
UNIPA-2006CM-AU005-05,UNIPA-2006CM-AU005-05-EM014,human observation,19 MEI-20 JUNI 2006,Plantae,Orthosophon aristatus,species,,4°-7°,137°-141°,,ID,,,,,
UNIPA-2006CM-AU005-05,UNIPA-2006CM-AU005-05-EM015,human observation,19 MEI-20 JUNI 2006,Plantae,Musa paradisiaca,species,,4°-7°,137°-141°,,ID,,,,,
UNIPA-2006CM-AU005-05,UNIPA-2006CM-AU005-05-EM016,human observation,19 MEI-20 JUNI 2006,Plantae,Artocarpus communis,species,,4°-7°,137°-141°,,ID,,,,,
UNIPA-2006CM-AU005-05,UNIPA-2006CM-AU005-05-EM017,human observation,19 MEI-20 JUNI 2006,Plantae,Psidium guajava,species,,4°-7°,137°-141°,,ID,,,,,
UNIPA-2006CM-AU005-05,UNIPA-2006CM-AU005-05-EM018,human observation,19 MEI-20 JUNI 2006,Plantae,Morinda oliefera,species,,4°-7°,137°-141°,,ID,,,,,
UNIPA-2006CM-AU005-05,UNIPA-2006CM-AU005-05-EM019,human observation,19 MEI-20 JUNI 2006,Plantae,Piper betle L,species,,4°-7°,137°-141°,,ID,,,,,
UNIPA-2006CM-AU005-05,UNIPA-2006CM-AU005-05-EM020,human observation,19 MEI-20 JUNI 2006,Plantae,Imperata cylindrical,species,,4°-7°,137°-141°,,ID,,,,,
UNIPA-2006CM-AU005-05,UNIPA-2006CM-AU005-05-EM021,human observation,19 MEI-20 JUNI 2006,Plantae,Cymbopong nardus,species,,4°-7°,137°-141°,,ID,,,,,
UNIPA-2006CM-AU005-05,UNIPA-2006CM-AU005-05-EM022,human observation,19 MEI-20 JUNI 2006,Plantae,Morinda citrifolia L,species,,4°-7°,137°-141°,,ID,,,,,
UNIPA-2006CM-AU005-05,UNIPA-2006CM-AU005-05-EM023,human observation,19 MEI-20 JUNI 2006,Plantae,Theobromo cacao,species,,4°-7°,137°-141°,,ID,,,,,
UNIPA-2006CM-AU005-05,UNIPA-2006CM-AU005-05-EM024,human observation,19 MEI-20 JUNI 2006,Plantae,Harppulia L,species,,4°-7°,137°-141°,,ID,,,,,
UNIPA-2006CM-AU005-05,UNIPA-2006CM-AU005-05-EM025,human observation,19 MEI-20 JUNI 2006,Plantae,Laportea L,species,,4°-7°,137°-141°,,ID,,,,,
UNIPA-2006CM-AU005-05,UNIPA-2006CM-AU005-05-EM026,human observation,19 MEI-20 JUNI 2006,Plantae,Curcuma domestica,species,,4°-7°,137°-141°,,ID,,,,,
UNIPA-2006CM-AU005-05,UNIPA-2006CM-AU005-05-EM027,human observation,19 MEI-20 JUNI 2006,Plantae,languas galangal,species,,4°-7°,137°-141°,,ID,,,,,
UNIPA-2012ON-AU006-06,UNIPA-2012ON-AU006-06-EM001,human observation,24 MEI-6 JUNI 2011,Plantae,Colocasia sp,Genus,,00°50'30'',133°32'00'',,ID,,,,,
UNIPA-2012ON-AU006-06,UNIPA-2012ON-AU006-06-EM002,human observation,24 MEI-6 JUNI 2011,Plantae,Ipomea batatas,species,,00°50'30'',133°32'00'',,ID,,,,,
UNIPA-2012ON-AU006-06,UNIPA-2012ON-AU006-06-EM003,human observation,24 MEI-6 JUNI 2011,Plantae,Manihot asculenta,species,,00°50'30'',133°32'00'',,ID,,,,,
UNIPA-2012ON-AU006-06,UNIPA-2012ON-AU006-06-EM004,human observation,24 MEI-6 JUNI 2011,Plantae,Musa sp,Genus,,00°50'30'',133°32'00'',,ID,,,,,
UNIPA-2012ON-AU006-06,UNIPA-2012ON-AU006-06-EM005,human observation,24 MEI-6 JUNI 2011,Plantae,Zea mays L,species,,00°50'30'',133°32'00'',,ID,,,,,
UNIPA-2012ON-AU006-06,UNIPA-2012ON-AU006-06-EM006,human observation,24 MEI-6 JUNI 2011,Plantae,Carica papaya,species,,00°50'30'',133°32'00'',,ID,,,,,
UNIPA-2012ON-AU006-06,UNIPA-2012ON-AU006-06-EM007,human observation,24 MEI-6 JUNI 2011,Plantae,Pandanus conoideus,species,,00°50'30'',133°32'00'',,ID,,,,,
UNIPA-2012ON-AU006-06,UNIPA-2012ON-AU006-06-EM008,human observation,24 MEI-6 JUNI 2011,Plantae,Cucurbita moschata Durc,species,,00°50'30'',133°32'00'',,ID,,,,,
UNIPA-2012ON-AU006-06,UNIPA-2012ON-AU006-06-EM009,human observation,24 MEI-6 JUNI 2011,Plantae,Diplazium esculentum,species,,00°50'30'',133°32'00'',,ID,,,,,
UNIPA-2012ON-AU006-06,UNIPA-2012ON-AU006-06-EM010,human observation,24 MEI-6 JUNI 2011,Plantae,Dipteria ptriodes,species,,00°50'30'',133°32'00'',,ID,,,,,
UNIPA-2012ON-AU006-06,UNIPA-2012ON-AU006-06-EM011,human observation,24 MEI-6 JUNI 2011,Plantae,Stenoclaenaa palustris,species,,00°50'30'',133°32'00'',,ID,,,,,
UNIPA-2012ON-AU006-06,UNIPA-2012ON-AU006-06-EM012,human observation,24 MEI-6 JUNI 2011,Plantae,Volvariella valvaceae,species,,00°50'30'',133°32'00'',,ID,,,,,
UNIPA-2012ON-AU006-06,UNIPA-2012ON-AU006-06-EM013,human observation,24 MEI-6 JUNI 2011,Plantae,Anonas comosus,species,,00°50'30'',133°32'00'',,ID,,,,,
UNIPA-2012ON-AU006-06,UNIPA-2012ON-AU006-06-EM014,human observation,24 MEI-6 JUNI 2011,Plantae,Gnemo gnetum,species,,00°50'30'',133°32'00'',,ID,,,,,
UNIPA-2005EP-AU007-07,UNIPA-2005EP-AU007-07-EM001,human observation,24 OKTOBER-9 NOVEMBER 2004,Plantae,Laportea sp.,Genus,,1°06',133°93',,ID,,,,,
UNIPA-2005EP-AU007-07,UNIPA-2005EP-AU007-07-EM002,human observation,24 OKTOBER-9 NOVEMBER 2004,Plantae,Paspalum conjugatum,species,,1°06',133°93',,ID,,,,,
UNIPA-2005EP-AU007-07,UNIPA-2005EP-AU007-07-EM003,human observation,24 OKTOBER-9 NOVEMBER 2004,Plantae,Polygonum sp.,Genus,,1°06',133°93',,ID,,,,,
UNIPA-2005EP-AU007-07,UNIPA-2005EP-AU007-07-EM004,human observation,24 OKTOBER-9 NOVEMBER 2004,Plantae,Medelina pachypilla,species,,1°06',133°93',,ID,,,,,
UNIPA-2005EP-AU007-07,UNIPA-2005EP-AU007-07-EM005,human observation,24 OKTOBER-9 NOVEMBER 2004,Plantae,Cryptocaria sp.,Genus,,1°06',133°93',,ID,,,,,
UNIPA-2005EP-AU007-07,UNIPA-2005EP-AU007-07-EM006,human observation,24 OKTOBER-9 NOVEMBER 2004,Plantae,Gleichenia lynearis,species,,1°06',133°93',,ID,,,,,
UNIPA-2005EP-AU007-07,UNIPA-2005EP-AU007-07-EM007,human observation,24 OKTOBER-9 NOVEMBER 2004,Plantae,Aeschynanthus sp.,Genus,,1°06',133°93',,ID,,,,,
UNIPA-2005EP-AU007-07,UNIPA-2005EP-AU007-07-EM008,human observation,24 OKTOBER-9 NOVEMBER 2004,Plantae,Ricinuscommunis,species,,1°06',133°93',,ID,,,,,
UNIPA-2005EP-AU007-07,UNIPA-2005EP-AU007-07-EM009,human observation,24 OKTOBER-9 NOVEMBER 2004,Plantae,Dodonea viscosa,species,,1°06',133°93',,ID,,,,,
UNIPA-2005EP-AU007-07,UNIPA-2005EP-AU007-07-EM010,human observation,24 OKTOBER-9 NOVEMBER 2004,Plantae,Eria sp,Genus,,1°06',133°93',,ID,,,,,
UNIPA-2005EP-AU007-07,UNIPA-2005EP-AU007-07-EM011,human observation,24 OKTOBER-9 NOVEMBER 2004,Plantae,Vitex pinnata,species,,1°06',133°93',,ID,,,,,
UNIPA-2005EP-AU007-07,UNIPA-2005EP-AU007-07-EM012,human observation,24 OKTOBER-9 NOVEMBER 2004,Plantae,Commelina difusa,species,,1°06',133°93',,ID,,,,,
UNIPA-2005EP-AU007-07,UNIPA-2005EP-AU007-07-EM013,human observation,24 OKTOBER-9 NOVEMBER 2004,Plantae,Citrus sp.,Genus,,1°06',133°93',,ID,,,,,
UNIPA-2005EP-AU007-07,UNIPA-2005EP-AU007-07-EM014,human observation,24 OKTOBER-9 NOVEMBER 2004,Plantae,Alphitonia sp.,Genus,,1°06',133°93',,ID,,,,,
UNIPA-2005EP-AU007-07,UNIPA-2005EP-AU007-07-EM015,human observation,24 OKTOBER-9 NOVEMBER 2004,Plantae,Forestia sp.,Genus,,1°06',133°93',,ID,,,,,
UNIPA-2005EP-AU007-07,UNIPA-2005EP-AU007-07-EM016,human observation,24 OKTOBER-9 NOVEMBER 2004,Plantae,Pipturus sp.,Genus,,1°06',133°93',,ID,,,,,
UNIPA-2005EP-AU007-07,UNIPA-2005EP-AU007-07-EM017,human observation,24 OKTOBER-9 NOVEMBER 2004,Plantae,Coleus hybridus,species,,1°06',133°93',,ID,,,,,
UNIPA-2005EP-AU007-07,UNIPA-2005EP-AU007-07-EM018,human observation,24 OKTOBER-9 NOVEMBER 2004,Plantae,Eugenia sp.,Genus,,1°06',133°93',,ID,,,,,
UNIPA-2005EP-AU007-07,UNIPA-2005EP-AU007-07-EM019,human observation,24 OKTOBER-9 NOVEMBER 2004,Plantae,Kalanchoea pinnata,species,,1°06',133°93',,ID,,,,,
UNIPA-2005EP-AU007-07,UNIPA-2005EP-AU007-07-EM020,human observation,24 OKTOBER-9 NOVEMBER 2004,Plantae,Zingiber officinale,species,,1°06',133°93',,ID,,,,,
UNIPA-2005EP-AU007-07,UNIPA-2005EP-AU007-07-EM021,human observation,24 OKTOBER-9 NOVEMBER 2004,Plantae,Syzygium sp1,Genus,,1°06',133°93',,ID,,,,,
UNIPA-2005EP-AU007-07,UNIPA-2005EP-AU007-07-EM022,human observation,24 OKTOBER-9 NOVEMBER 2004,Plantae,Fagraea sp.,Genus,,1°06',133°93',,ID,,,,,
UNIPA-2005EP-AU007-07,UNIPA-2005EP-AU007-07-EM023,human observation,24 OKTOBER-9 NOVEMBER 2004,Plantae,Syzygium sp2,Genus,,1°06',133°93',,ID,,,,,
UNIPA-2005EP-AU007-07,UNIPA-2005EP-AU007-07-EM024,human observation,24 OKTOBER-9 NOVEMBER 2004,Plantae,Decaspermum fruti,species,,1°06',133°93',,ID,,,,,
UNIPA-2005EP-AU007-07,UNIPA-2005EP-AU007-07-EM025,human observation,24 OKTOBER-9 NOVEMBER 2004,Plantae,Weinmania sp.,Genus,,1°06',133°93',,ID,,,,,
UNIPA-2005EP-AU007-07,UNIPA-2005EP-AU007-07-EM026,human observation,24 OKTOBER-9 NOVEMBER 2004,Plantae,Euodia eleryana,species,,1°06',133°93',,ID,,,,,
UNIPA-2005EP-AU007-07,UNIPA-2005EP-AU007-07-EM027,human observation,24 OKTOBER-9 NOVEMBER 2004,Plantae,Ficus septica,species,,1°06',133°93',,ID,,,,,
UNIPA-2005EP-AU007-07,UNIPA-2005EP-AU007-07-EM028,human observation,24 OKTOBER-9 NOVEMBER 2004,Plantae,Homalanthus sp.,Genus,,1°06',133°93',,ID,,,,,
UNIPA-2005EP-AU007-07,UNIPA-2005EP-AU007-07-EM029,human observation,24 OKTOBER-9 NOVEMBER 2004,Plantae,Begonia sp 1,Genus,,1°06',133°93',,ID,,,,,
UNIPA-2005EP-AU007-07,UNIPA-2005EP-AU007-07-EM030,human observation,24 OKTOBER-9 NOVEMBER 2004,Plantae,Mallotus sp.,Genus,,1°06',133°93',,ID,,,,,
UNIPA-2005EP-AU007-07,UNIPA-2005EP-AU007-07-EM031,human observation,24 OKTOBER-9 NOVEMBER 2004,Plantae,Murdania nudiflora,species,,1°06',133°93',,ID,,,,,
UNIPA-2005EP-AU007-07,UNIPA-2005EP-AU007-07-EM032,human observation,24 OKTOBER-9 NOVEMBER 2004,Plantae,Merrenia sp.,Genus,,1°06',133°93',,ID,,,,,
UNIPA-2005EP-AU007-07,UNIPA-2005EP-AU007-07-EM033,human observation,24 OKTOBER-9 NOVEMBER 2004,Plantae,Pityrogramma,species,,1°06',133°93',,ID,,,,,
UNIPA-2005EP-AU007-07,UNIPA-2005EP-AU007-07-EM034,human observation,24 OKTOBER-9 NOVEMBER 2004,Plantae,Mutaenda frondota,species,,1°06',133°93',,ID,,,,,
UNIPA-2005EP-AU007-07,UNIPA-2005EP-AU007-07-EM035,human observation,24 OKTOBER-9 NOVEMBER 2004,Plantae,Asplenium nidus,species,,1°06',133°93',,ID,,,,,
UNIPA-2005EP-AU007-07,UNIPA-2005EP-AU007-07-EM036,human observation,24 OKTOBER-9 NOVEMBER 2004,Plantae,Dryopteris,species,,1°06',133°93',,ID,,,,,
UNIPA-2005EP-AU007-07,UNIPA-2005EP-AU007-07-EM037,human observation,24 OKTOBER-9 NOVEMBER 2004,Plantae,Pipturus sp.,Genus,,1°06',133°93',,ID,,,,,
UNIPA-2005EP-AU007-07,UNIPA-2005EP-AU007-07-EM038,human observation,24 OKTOBER-9 NOVEMBER 2004,Plantae,Macaranga sp.,Genus,,1°06',133°93',,ID,,,,,
UNIPA-2005EP-AU007-07,UNIPA-2005EP-AU007-07-EM039,human observation,24 OKTOBER-9 NOVEMBER 2004,Plantae,Alphitonia celtiditolia,species,,1°06',133°93',,ID,,,,,
UNIPA-2005EP-AU007-07,UNIPA-2005EP-AU007-07-EM040,human observation,24 OKTOBER-9 NOVEMBER 2004,Plantae,Mikania sp.,Genus,,1°06',133°93',,ID,,,,,
UNIPA-2005EP-AU007-07,UNIPA-2005EP-AU007-07-EM041,human observation,24 OKTOBER-9 NOVEMBER 2004,Plantae,Fleurya sp.,Genus,,1°06',133°93',,ID,,,,,
UNIPA-2005EP-AU007-07,UNIPA-2005EP-AU007-07-EM042,human observation,24 OKTOBER-9 NOVEMBER 2004,Plantae,Amaranthus hybrida,species,,1°06',133°93',,ID,,,,,
UNIPA-2005EP-AU007-07,UNIPA-2005EP-AU007-07-EM043,human observation,24 OKTOBER-9 NOVEMBER 2004,Plantae,Boerhavia erecta,species,,1°06',133°93',,ID,,,,,
UNIPA-2005EP-AU007-07,UNIPA-2005EP-AU007-07-EM044,human observation,24 OKTOBER-9 NOVEMBER 2004,Plantae,Axonopus sp.,Genus,,1°06',133°93',,ID,,,,,
UNIPA-2005EP-AU007-07,UNIPA-2005EP-AU007-07-EM045,human observation,24 OKTOBER-9 NOVEMBER 2004,Plantae,Saurapus androgynus,species,,1°06',133°93',,ID,,,,,
UNIPA-2005EP-AU007-07,UNIPA-2005EP-AU007-07-EM046,human observation,24 OKTOBER-9 NOVEMBER 2004,Plantae,Eugenia malacensis,species,,1°06',133°93',,ID,,,,,
UNIPA-2005EP-AU007-07,UNIPA-2005EP-AU007-07-EM047,human observation,24 OKTOBER-9 NOVEMBER 2004,Plantae,Canarium sp.,Genus,,1°06',133°93',,ID,,,,,
UNIPA-2005EP-AU007-07,UNIPA-2005EP-AU007-07-EM048,human observation,24 OKTOBER-9 NOVEMBER 2004,Plantae,Litsea sp 1,Genus,,1°06',133°93',,ID,,,,,
UNIPA-2005EP-AU007-07,UNIPA-2005EP-AU007-07-EM049,human observation,24 OKTOBER-9 NOVEMBER 2004,Plantae,Drymis piperita,species,,1°06',133°93',,ID,,,,,
UNIPA-2005EP-AU007-07,UNIPA-2005EP-AU007-07-EM050,human observation,24 OKTOBER-9 NOVEMBER 2004,Plantae,Drymis sp1,Genus,,1°06',133°93',,ID,,,,,
UNIPA-2005EP-AU007-07,UNIPA-2005EP-AU007-07-EM051,human observation,24 OKTOBER-9 NOVEMBER 2004,Plantae,Drymis beccariana,species,,1°06',133°93',,ID,,,,,
UNIPA-2005EP-AU007-07,UNIPA-2005EP-AU007-07-EM052,human observation,24 OKTOBER-9 NOVEMBER 2004,Plantae,Drymis sp2,Genus,,1°06',133°93',,ID,,,,,
UNIPA-2005EP-AU007-07,UNIPA-2005EP-AU007-07-EM053,human observation,24 OKTOBER-9 NOVEMBER 2004,Plantae,Timonius sp.,Genus,,1°06',133°93',,ID,,,,,
UNIPA-2005EP-AU007-07,UNIPA-2005EP-AU007-07-EM054,human observation,24 OKTOBER-9 NOVEMBER 2004,Plantae,Cucurbito sp.,Genus,,1°06',133°93',,ID,,,,,
UNIPA-2005EP-AU007-07,UNIPA-2005EP-AU007-07-EM055,human observation,24 OKTOBER-9 NOVEMBER 2004,Plantae,Kalanchoea pinnata,species,,1°06',133°93',,ID,,,,,
UNIPA-2005EP-AU007-07,UNIPA-2005EP-AU007-07-EM056,human observation,24 OKTOBER-9 NOVEMBER 2004,Plantae,Amaranthus sp.,Genus,,1°06',133°93',,ID,,,,,
UNIPA-2005EP-AU007-07,UNIPA-2005EP-AU007-07-EM057,human observation,24 OKTOBER-9 NOVEMBER 2004,Plantae,Coleus hybridus,species,,1°06',133°93',,ID,,,,,
UNIPA-2005EP-AU007-07,UNIPA-2005EP-AU007-07-EM058,human observation,24 OKTOBER-9 NOVEMBER 2004,Plantae,Equisetum debile,species,,1°06',133°93',,ID,,,,,
UNIPA-2005EP-AU007-07,UNIPA-2005EP-AU007-07-EM059,human observation,24 OKTOBER-9 NOVEMBER 2004,Plantae,Litsea sp 2,Genus,,1°06',133°93',,ID,,,,,
UNIPA-2005EP-AU007-07,UNIPA-2005EP-AU007-07-EM060,human observation,24 OKTOBER-9 NOVEMBER 2004,Plantae,Xanthomyrtus sp.,Genus,,1°06',133°93',,ID,,,,,
UNIPA-2005EP-AU007-07,UNIPA-2005EP-AU007-07-EM061,human observation,24 OKTOBER-9 NOVEMBER 2004,Plantae,Terminalia sp.,Genus,,1°06',133°93',,ID,,,,,
UNIPA-2005EP-AU007-07,UNIPA-2005EP-AU007-07-EM062,human observation,24 OKTOBER-9 NOVEMBER 2004,Plantae,Elephantopus scabra,species,,1°06',133°93',,ID,,,,,
UNIPA-2005EP-AU007-07,UNIPA-2005EP-AU007-07-EM063,human observation,24 OKTOBER-9 NOVEMBER 2004,Plantae,Centotecha latifolia,species,,1°06',133°93',,ID,,,,,
UNIPA-2005EP-AU007-07,UNIPA-2005EP-AU007-07-EM064,human observation,24 OKTOBER-9 NOVEMBER 2004,Plantae,Acalypha wilkesiana,species,,1°06',133°93',,ID,,,,,
UNIPA-2005EP-AU007-07,UNIPA-2005EP-AU007-07-EM065,human observation,24 OKTOBER-9 NOVEMBER 2004,Plantae,Coleus sp.,Genus,,1°06',133°93',,ID,,,,,
UNIPA-2005EP-AU007-07,UNIPA-2005EP-AU007-07-EM066,human observation,24 OKTOBER-9 NOVEMBER 2004,Plantae,Amomum sp1,Genus,,1°06',133°93',,ID,,,,,
UNIPA-2005EP-AU007-07,UNIPA-2005EP-AU007-07-EM067,human observation,24 OKTOBER-9 NOVEMBER 2004,Plantae,Amomum sp2,Genus,,1°06',133°93',,ID,,,,,
UNIPA-2005EP-AU007-07,UNIPA-2005EP-AU007-07-EM068,human observation,24 OKTOBER-9 NOVEMBER 2004,Plantae,Alpania sp.,Genus,,1°06',133°93',,ID,,,,,
UNIPA-2005EP-AU007-07,UNIPA-2005EP-AU007-07-EM069,human observation,24 OKTOBER-9 NOVEMBER 2004,Plantae,Amomum sp3,Genus,,1°06',133°93',,ID,,,,,
UNIPA-2005EP-AU007-07,UNIPA-2005EP-AU007-07-EM070,human observation,24 OKTOBER-9 NOVEMBER 2004,Plantae,Begonia sp 2,Genus,,1°06',133°93',,ID,,,,,
UNIPA-2005EP-AU007-07,UNIPA-2005EP-AU007-07-EM071,human observation,24 OKTOBER-9 NOVEMBER 2004,Plantae,Piper aduncum,species,,1°06',133°93',,ID,,,,,
UNIPA-2005EP-AU007-07,UNIPA-2005EP-AU007-07-EM072,human observation,24 OKTOBER-9 NOVEMBER 2004,Plantae,Rubusrosaefolius,species,,1°06',133°93',,ID,,,,,
UNIPA-2005EP-AU007-07,UNIPA-2005EP-AU007-07-EM073,human observation,24 OKTOBER-9 NOVEMBER 2004,Plantae,Centella asiatica,species,,1°06',133°93',,ID,,,,,
UNIPA-2005EP-AU007-07,UNIPA-2005EP-AU007-07-EM074,human observation,24 OKTOBER-9 NOVEMBER 2004,Plantae,Flagellaria indica,species,,1°06',133°93',,ID,,,,,
UNIPA-2005EP-AU007-07,UNIPA-2005EP-AU007-07-EM075,human observation,24 OKTOBER-9 NOVEMBER 2004,Plantae,Fragnites karka,species,,1°06',133°93',,ID,,,,,
UNIPA-2005EP-AU007-07,UNIPA-2005EP-AU007-07-EM076,human observation,24 OKTOBER-9 NOVEMBER 2004,Plantae,Dianella ensifolia,species,,1°06',133°93',,ID,,,,,
UNIPA-2005EP-AU007-07,UNIPA-2005EP-AU007-07-EM077,human observation,24 OKTOBER-9 NOVEMBER 2004,Plantae,Anthurium sp.,Genus,,1°06',133°93',,ID,,,,,
UNIPA-2005EP-AU007-07,UNIPA-2005EP-AU007-07-EM078,human observation,24 OKTOBER-9 NOVEMBER 2004,Plantae,Musaenda frondota,species,,1°06',133°93',,ID,,,,,
UNIPA-2006LS-AU008-08,UNIPA-2006LS-AU008-08-EM001,human observation,27 MEI-07 JUNI 2006,Plantae,Octomeles sumatrana,species,,,,,ID,,,,,
UNIPA-2006LS-AU008-08,UNIPA-2006LS-AU008-08-EM002,human observation,27 MEI-07 JUNI 2006,Plantae,Paraseriantes falcataria,species,,,,,ID,,,,,
UNIPA-2006LS-AU008-08,UNIPA-2006LS-AU008-08-EM003,human observation,27 MEI-07 JUNI 2006,Plantae,Callophyllum sp.,Genus,,,,,ID,,,,,
UNIPA-2006LS-AU008-08,UNIPA-2006LS-AU008-08-EM004,human observation,27 MEI-07 JUNI 2006,Plantae,Pometia sp.,Genus,,,,,ID,,,,,
UNIPA-2006LS-AU008-08,UNIPA-2006LS-AU008-08-EM005,human observation,27 MEI-07 JUNI 2006,Plantae,Melia excelsa Jack,species,,,,,ID,,,,,
UNIPA-2006LS-AU008-08,UNIPA-2006LS-AU008-08-EM006,human observation,27 MEI-07 JUNI 2006,Plantae,Koordersiodendron pinatum,species,,,,,ID,,,,,
UNIPA-2006LS-AU008-08,UNIPA-2006LS-AU008-08-EM007,human observation,27 MEI-07 JUNI 2006,Plantae,intsia sp.,Genus,,,,,ID,,,,,
UNIPA-2006LS-AU008-08,UNIPA-2006LS-AU008-08-EM008,human observation,27 MEI-07 JUNI 2006,Plantae,Rhizophora sp.,Genus,,,,,ID,,,,,
UNIPA-2006LS-AU008-08,UNIPA-2006LS-AU008-08-EM009,human observation,27 MEI-07 JUNI 2006,Plantae,Dracontumellum dao Merr,species,,,,,ID,,,,,
UNIPA-2006LS-AU008-08,UNIPA-2006LS-AU008-08-EM010,human observation,27 MEI-07 JUNI 2006,Plantae,Pterocarpus indicus,species,,,,,ID,,,,,
UNIPA-2006LS-AU008-08,UNIPA-2006LS-AU008-08-EM011,human observation,27 MEI-07 JUNI 2006,Plantae,Tetrameles nudiflora R.Br,species,,,,,ID,,,,,
UNIPA-2006LS-AU008-08,UNIPA-2006LS-AU008-08-EM012,human observation,27 MEI-07 JUNI 2006,Plantae,Vitex cofasus,species,,,,,ID,,,,,
UNIPA-2006LS-AU008-08,UNIPA-2006LS-AU008-08-EM013,human observation,27 MEI-07 JUNI 2006,Plantae,Spondias dulcis,species,,,,,ID,,,,,
UNIPA-2006LS-AU008-08,UNIPA-2006LS-AU008-08-EM014,human observation,27 MEI-07 JUNI 2006,Plantae,Artocarpus altilis,species,,,,,ID,,,,,
UNIPA-2006LS-AU008-08,UNIPA-2006LS-AU008-08-EM015,human observation,27 MEI-07 JUNI 2006,Plantae,Canarium sp.,Genus,,,,,ID,,,,,
UNIPA-2006LS-AU008-08,UNIPA-2006LS-AU008-08-EM016,human observation,27 MEI-07 JUNI 2006,Plantae,Palaqium amboinensis,species,,,,,ID,,,,,
UNIPA-2006LS-AU008-08,UNIPA-2006LS-AU008-08-EM017,human observation,27 MEI-07 JUNI 2006,Plantae,manilkara kauki Dub,species,,,,,ID,,,,,
UNIPA-2006LS-AU008-08,UNIPA-2006LS-AU008-08-EM018,human observation,27 MEI-07 JUNI 2006,Plantae,Adina sp.,Genus,,,,,ID,,,,,
UNIPA-2006LS-AU008-08,UNIPA-2006LS-AU008-08-EM019,human observation,27 MEI-07 JUNI 2006,Plantae,Sizygium sp.,Genus,,,,,ID,,,,,
UNIPA-2006LS-AU008-08,UNIPA-2006LS-AU008-08-EM020,human observation,27 MEI-07 JUNI 2006,Plantae,Matixiodendron pacpyclados Melch,species,,,,,ID,,,,,
UNIPA-2006LS-AU008-08,UNIPA-2006LS-AU008-08-EM021,human observation,27 MEI-07 JUNI 2006,Plantae,Psidium guajaya,species,,,,,ID,,,,,
UNIPA-2006LS-AU008-08,UNIPA-2006LS-AU008-08-EM022,human observation,27 MEI-07 JUNI 2006,Plantae,Dendrocalamus asper,species,,,,,ID,,,,,
UNIPA-2016KM-AU009-09,UNIPA-2016KM-AU009-09-EM001,human observation,10-23 JUNI 2016,Plantae,Bindens pilosa,species,,,,,ID,,,,,
UNIPA-2016KM-AU009-09,UNIPA-2016KM-AU009-09-EM002,human observation,10-23 JUNI 2016,Plantae,Physalis angulata,species,,,,,ID,,,,,
UNIPA-2016KM-AU009-09,UNIPA-2016KM-AU009-09-EM003,human observation,10-23 JUNI 2016,Plantae,selaginella doederleiniihieron,species,,,,,ID,,,,,
UNIPA-2016KM-AU009-09,UNIPA-2016KM-AU009-09-EM004,human observation,10-23 JUNI 2016,Plantae,Colocasia,species,,,,,ID,,,,,
UNIPA-2016KM-AU009-09,UNIPA-2016KM-AU009-09-EM005,human observation,10-23 JUNI 2016,Plantae,Laportea sp.,Genus,,,,,ID,,,,,
UNIPA-2016KM-AU009-09,UNIPA-2016KM-AU009-09-EM006,human observation,10-23 JUNI 2016,Plantae,Plantago major,species,,,,,ID,,,,,
UNIPA-2016KM-AU009-09,UNIPA-2016KM-AU009-09-EM007,human observation,10-23 JUNI 2016,Plantae,Acalypha,species,,,,,ID,,,,,
UNIPA-2016KM-AU009-09,UNIPA-2016KM-AU009-09-EM008,human observation,10-23 JUNI 2016,Plantae,Zingiber officinale,species,,,,,ID,,,,,
UNIPA-2016KM-AU009-09,UNIPA-2016KM-AU009-09-EM009,human observation,10-23 JUNI 2016,Plantae,Citrus aurantiam,species,,,,,ID,,,,,
UNIPA-2016KM-AU009-09,UNIPA-2016KM-AU009-09-EM010,human observation,10-23 JUNI 2016,Plantae,Storbilathus crispus,species,,,,,ID,,,,,
UNIPA-2016KM-AU009-09,UNIPA-2016KM-AU009-09-EM011,human observation,10-23 JUNI 2016,Plantae,Orthosiphon spicatus,species,,,,,ID,,,,,
UNIPA-2016KM-AU009-09,UNIPA-2016KM-AU009-09-EM012,human observation,10-23 JUNI 2016,Plantae,Laucena glauca,species,,,,,ID,,,,,
UNIPA-2016KM-AU009-09,UNIPA-2016KM-AU009-09-EM013,human observation,10-23 JUNI 2016,Plantae,Phillanthus ninuri,species,,,,,ID,,,,,
UNIPA-2016KM-AU009-09,UNIPA-2016KM-AU009-09-EM014,human observation,10-23 JUNI 2016,Plantae,Coleus kybridus,species,,,,,ID,,,,,
UNIPA-2016KM-AU009-09,UNIPA-2016KM-AU009-09-EM015,human observation,10-23 JUNI 2016,Plantae,Meremia peltata,species,,,,,ID,,,,,
UNIPA-2016KM-AU009-09,UNIPA-2016KM-AU009-09-EM016,human observation,10-23 JUNI 2016,Plantae,Alstonia scholaris,species,,,,,ID,,,,,
UNIPA-2016KM-AU009-09,UNIPA-2016KM-AU009-09-EM017,human observation,10-23 JUNI 2016,Plantae,Musa paradisiaca,species,,,,,ID,,,,,
UNIPA-2016KM-AU009-09,UNIPA-2016KM-AU009-09-EM018,human observation,10-23 JUNI 2016,Plantae,Caraca papaya,species,,,,,ID,,,,,
UNIPA-2016KM-AU009-09,UNIPA-2016KM-AU009-09-EM019,human observation,10-23 JUNI 2016,Plantae,Areca cathecu,species,,,,,ID,,,,,
UNIPA-2016KM-AU009-09,UNIPA-2016KM-AU009-09-EM020,human observation,10-23 JUNI 2016,Plantae,Reelia tubelosa,species,,,,,ID,,,,,
UNIPA-2016KM-AU009-09,UNIPA-2016KM-AU009-09-EM021,human observation,10-23 JUNI 2016,Plantae,Catharanhusroseus,species,,,,,ID,,,,,
UNIPA-2016KM-AU009-09,UNIPA-2016KM-AU009-09-EM022,human observation,10-23 JUNI 2016,Plantae,Impatiens balsamina,species,,,,,ID,,,,,
UNIPA-2016KM-AU009-09,UNIPA-2016KM-AU009-09-EM023,human observation,10-23 JUNI 2016,Plantae,Hedyotis corymbosa,species,,,,,ID,,,,,
UNIPA-2016KM-AU009-09,UNIPA-2016KM-AU009-09-EM024,human observation,10-23 JUNI 2016,Plantae,Ocinum basilicum,species,,,,,ID,,,,,
UNIPA-2016KM-AU009-09,UNIPA-2016KM-AU009-09-EM025,human observation,10-23 JUNI 2016,Plantae,Annona moricana,species,,,,,ID,,,,,
UNIPA-2016RM-AU010-10,UNIPA-2016RM-AU010-10-EM001,human observation,JUNI-AGUSTUS 2015,Plantae,Hopea sp.,Genus,,,,,ID,,,,,
UNIPA-2016RM-AU010-10,UNIPA-2016RM-AU010-10-EM002,human observation,JUNI-AGUSTUS 2015,Plantae,Glochidion sp.,Genus,,,,,ID,,,,,
UNIPA-2016RM-AU010-10,UNIPA-2016RM-AU010-10-EM003,human observation,JUNI-AGUSTUS 2015,Plantae,Palaqium labianum,Spesies,,,,,ID,,,,,
UNIPA-2016RM-AU010-10,UNIPA-2016RM-AU010-10-EM004,human observation,JUNI-AGUSTUS 2015,Plantae,Bambusa vulgaris,Spesies,,,,,ID,,,,,
UNIPA-2016RM-AU010-10,UNIPA-2016RM-AU010-10-EM005,human observation,JUNI-AGUSTUS 2015,Plantae,Metroxyllon sagu,Spesies,,,,,ID,,,,,
UNIPA-2016RM-AU010-10,UNIPA-2016RM-AU010-10-EM006,human observation,JUNI-AGUSTUS 2015,Plantae,Hydriastelle sp.,Genus,,,,,ID,,,,,
UNIPA-2016RM-AU010-10,UNIPA-2016RM-AU010-10-EM007,human observation,JUNI-AGUSTUS 2015,Plantae,Calamus sp.,Genus,,,,,ID,,,,,
